"主题","回复用户","回复内容"
"【百科】绝地求生区资料导航贴","我是刘坚","为❤古❤酱❤疯❤狂❤打❤电❤话发自虎扑iPhone客户端"
"【百科】绝地求生区资料导航贴","Westbruuk","好东西 谢谢楼主了发自虎扑iPhone客户端"
"杀人王线下聚会！","难受啊醒","合计拿了80几万奖金，还不一人一盆小龙虾？ "
"[流言板]第二届Mars绝地求生精英赛将在6月16日开战，本次比赛全程采用FPP模式","做咸鱼是梦啊","是我看漏了吗，17 4AM ifty 一个都没有？？？发自虎扑Android客户端"
"杀人王线下聚会！","再上网剁手","103 gay里gay气的。发自手机虎扑 m.hupu.com"
"杀人王线下聚会！","二锅有排面呀","引用13楼 @wydwydwyd1 发表的:每次都是这家小龙虾？怕不是这家小龙虾211有股份吧发自虎扑iPhone客户端"
"杀人王线下聚会！","再上网剁手","新一代素质广场明星。。。RUN酱发自手机虎扑 m.hupu.com"
"杀人王线下聚会！","再上网剁手","堡垒来了，103还是gay里gay气的。。。发自手机虎扑 m.hupu.com"
"杀人王线下聚会！","再上网剁手","蛋总圆嘟嘟的。。。发自手机虎扑 m.hupu.com"
"杀人王线下聚会！","再上网剁手","杀人王211和K神。。。发自手机虎扑 m.hupu.com"
"杀人王线下聚会！","魏嗔嗔","引用2楼 @难受啊醒 发表的:合计拿了80几万奖金，还不一人一盆小龙虾？ 阿聪说了要aa 谁请客都不好发自虎扑iPhone客户端"
"PCPI后，你记住了哪些以前不知道的选手？","稳妥say","瞎比搞zszs发自虎扑Android客户端"
"聊一下绝地求生，给新手顺便介绍下选手","17shouq","百花齐放，百家争鸣。期待国服早点出来"
"[虎扑绝地求生复盘]PCPI决赛日TPP模式4AM吃鸡：破釜沉舟，百二秦关终属楚（zhu）","胡先森是个逻辑怪","额，17跟estar遭遇交火减员的是shox大京京队啊，这种信息别搞错啊发自虎扑iPhone客户端"
"PCPI后，你记住了哪些以前不知道的选手？","威尔斯L","小饼干没牌面发自虎扑Android客户端"
"PCPI后，你记住了哪些以前不知道的选手？","为你牛牛牛","除了211，小狮子表现很好外，最让我惊喜的是青木川的表现，作为一个17粉对他的枪法没有完全认识，这次兽逼承包了探点、突击、指挥、断后架枪外把主要输出位留给了大京或川川，大京爆发我不意外，川川的红点、极限反应、各种1VN真的秀，关键还是一个18岁的小伙子，希望继续加油！早日跟兽逼一起拿下冠军！发自虎扑iPhone客户端"
"PCPI后，你记住了哪些以前不知道的选手？","小卢和小熊","其实这些都还不够突出，不算非常优秀，还是唯一K神，NB211，堡垒出彩，另外这次阿鲁卡真是超长发挥。"
"PCPI后，你记住了哪些以前不知道的选手？","VcccLici","瞎逼搞……发自虎扑Android客户端"
"PCPI后，你记住了哪些以前不知道的选手？","Polarisleo","一  scsaopi单人四排有点6。二  1246zixuan思路清晰，而且gaygay的。三  17qmc多次一打二打三 发挥有点出乎意料。四  xq芒仔 实力有点强，采访的时候qeqr有点可爱。第一时间能想起来的就这几个。发自虎扑Android客户端"
"PCPI后，你记住了哪些以前不知道的选手？","跟我尾食我屁","印象最深的还是LGD_TJW和karl这两个人，几乎每次都是队里最后才死的π_π发自虎扑Android客户端"
"PCPI后，你记住了哪些以前不知道的选手？","tearfish12","瞎逼搞 sc骚皮 vta的卡迪 其他很多很早就认识了发自虎扑iPhone客户端"
"PCPI后，你记住了哪些以前不知道的选手？","世界五彩我执独白","ost的瑞瑞，小脏辫很有个性对了，还有xq的盲仔，采访的时候qeqe发自虎扑iPhone客户端"
"PCPI后，你记住了哪些以前不知道的选手？","玮德噶1197","瞎比搞，虽然香蕉赛就知道了他。1246，KG，AG这些就不说了，常看他们训练赛的都知道他们挺强的。VTA.Kadi，虽然以前看比赛见过，但这次真是出彩了。莫也很强。V5全队算是大黑马了。XQ.Z9max。VG那个一串三，飞吻的兄弟。跑男这次绝对是惊喜，打出了别人意想不到的，那波灵性绕后很🐂🍺青木川一串三，我觉得他去17后变强了。RNG两轮败者组打的很强势，印象深刻。但决赛的时候迷了，不是流量队所以没人喷他们。发自虎扑iPhone客户端"
"[虎扑绝地求生复盘]PCPI决赛日TPP模式4AM吃鸡：破釜沉舟，百二秦关终属楚（zhu）","S4turn","百二秦关终属🐷  气得很发自虎扑Android客户端"
"[虎扑绝地求生复盘]PCPI决赛日TPP模式4AM吃鸡：破釜沉舟，百二秦关终属楚（zhu）","4angrypig","发自虎扑Android客户端"
"[虎扑绝地求生复盘]PCPI决赛日TPP模式4AM吃鸡：破釜沉舟，百二秦关终属楚（zhu）","Dw_24","枪线完全展开，最后一个同心圆，虽然小兵在圈内，但是他没有能抵挡住孤存的最后一枪。恭喜4am，完成惊天大逆转。粤语:大师兄，回来了发自虎扑iPhone客户端"
"[虎扑绝地求生复盘]PCPI决赛日TPP模式4AM吃鸡：破釜沉舟，百二秦关终属楚（zhu）","代代可可脂","补充一下，EF转移的时候，碰到了4AM，阿鲁卡山头扫车导致EF调转方向往R城右边那座走，才有了所谓灵性漂移…发自虎扑iPhone客户端"
"[虎扑绝地求生复盘]PCPI决赛日TPP模式4AM吃鸡：破釜沉舟，百二秦关终属楚（zhu）","你要干啥呢","看的我手发抖。最后一场，我是真的不抱有希望的发自虎扑iPhone客户端"
"[虎扑绝地求生复盘]PCPI决赛日TPP模式4AM吃鸡：破釜沉舟，百二秦关终属楚（zhu）","无所谓咯你","想想国际赛，如果4AM表现出色，对老外而言比OMG震撼啊，OMG表现好，老外会说，嗯，中国第一，实力不错，反之以4AM的尿性，很可能国际赛表现出色，回国打个什么什么比赛又崩盘，老外一看，哇，中国NO.1，这样的队伍原来中国还有20只...........太可怕了，难以置信"
"[虎扑绝地求生复盘]PCPI决赛日TPP模式4AM吃鸡：破釜沉舟，百二秦关终属楚（zhu）","该用户已智障","‘’4AM是一支你永远无法猜测上限在哪里的队伍‘’这可能是我喜欢他们的原因吧，总能带给人惊喜。发自虎扑Android客户端"
"《电竞说》专访OMG小狮子：单挑我谁都不虚，我想拿世界赛击杀王！","眼窝藏水","我总感觉k神长得有点像韩国人…发自虎扑iPhone客户端"
"[虎扑绝地求生复盘]PCPI决赛日TPP模式4AM吃鸡：破釜沉舟，百二秦关终属楚（zhu）","林辰酱","这场真的感谢大哥，一波刷屏帮忙清人，最后的对枪也很精彩！发自虎扑iPhone客户端"
"[虎扑绝地求生复盘]PCPI决赛日TPP模式4AM吃鸡：破釜沉舟，百二秦关终属楚（zhu）","木丶林森","猪头威武！！借用主持人说的话使出‘’猪拱”技能！霸气翻盘 帅帅帅！！"
"【赛事】全民QSL比赛将于6月9日重启","源太浪","4阿妹会不会翻车？毕竟平台赛打的跟屎一样。。。发自虎扑Android客户端"
"全民最近比赛分组","哈哈哈来来来来来来","可怜的kzsss没排面发自虎扑Android客户端"
"【4AM出征柏林高燃混剪MV】Legends Never Die 自制","永不沉寂","这个剪辑的那位同学，不去4am工作吗？出了很多作品了，是业务爱好吗？发自虎扑Android客户端"
"《电竞说》专访OMG小狮子：单挑我谁都不虚，我想拿世界赛击杀王！","omg林大","和年轻时候的我一毛一样发自虎扑iPhone客户端"
"【4AM出征柏林高燃混剪MV】Legends Never Die 自制","不言而郁","我发现存好像长开了脸上稚气少了发自虎扑iPhone客户端"
"【4AM出征柏林高燃混剪MV】Legends Never Die 自制","curseit","孤存打ow的时候是真滴肉呀发自虎扑iPhone客户端"
"【4AM出征柏林高燃混剪MV】Legends Never Die 自制","猪头的弹幕教练","热血沸腾 不知道楼主能不能把pcpi四天历程做个小短片。从低估到崩盘，最后到众神归位，创造奇迹。一个名为绝地求生的英雄电影。发自虎扑Android客户端"
"【4AM出征柏林高燃混剪MV】Legends Never Die 自制","tearfish12","来来4AM招美工就需要楼主这样的人才～～发自虎扑iPhone客户端"
"【4AM出征柏林高燃混剪MV】Legends Never Die 自制","歪伯伯","4am粉丝也太牛气了吧哈哈！不过我建议正面减少一些撸啊撸的镜头，毕竟内核还是绝地求生；而各自以往的经历，作为更细节加入到视频中去。发自虎扑iPhone客户端"
"【4AM出征柏林高燃混剪MV】Legends Never Die 自制","james薛","阿鲁韦化之前是真滴帅🙈🙈发自虎扑iPhone客户端"
"【4AM出征柏林高燃混剪MV】Legends Never Die 自制","伱微笑時好美丶","哪里跌倒，哪里爬起来！永远不要低估4am一颗冠军的心！发自虎扑iPhone客户端"
"【4AM出征柏林高燃混剪MV】Legends Never Die 自制","暮夜冰倪","🐷的轮回！！发自虎扑iPhone客户端"
"【4AM出征柏林高燃混剪MV】Legends Never Die 自制","我要等聪聪16年","强烈要求蜜蜂仔给你发点加工费发自虎扑Android客户端"
"4阿妹六月份日程安排！（来自官博 侵删）","moonk213","你不投我不投，孤少没法拿空投你一票我一票，蜂仔才能拿机票请为主播赛的这对组合加油，蜂韵犹存upup！！发自虎扑Android客户端"
"感恩 感谢大家的陪伴喜爱和支持","峡谷xg","恭喜4am嘤嘤嘤发自虎扑iPhone客户端"
"[流言板]Shroud和DrDisRespect绝地求生专属武器皮肤将于北京时间6月5日发售","偶数类","敢不敢做一个韦神专属皮肤^_^这两个小主播在我大中国亿万观众面前都是弟弟发自虎扑iPhone客户端"
"【4AM出征柏林高燃混剪MV】Legends Never Die 自制","MeiZzi9","引用7楼 @猪头的弹幕教练 发表的:热血沸腾 不知道楼主能不能把pcpi四天历程做个小短片。从低估到崩盘，最后到众神归位，创造奇迹。一个名为绝地求生的英雄电影。楼主在B站有UP，大帅比邹邹，里边猪头醒目卡帝存存都有的发自虎扑Android客户端"
"【4AM出征柏林高燃混剪MV】Legends Never Die 自制","4AMmolly","好评，什么时候才能像你一样卖家秀？！发自虎扑iPhone客户端"
"【4AM出征柏林高燃混剪MV】Legends Never Die 自制","板栗两元","最后这个拖鞋真骚发自虎扑Android客户端"
"【4AM出征柏林高燃混剪MV】Legends Never Die 自制","一如既往史来客","愣着干嘛，哭啊！发自虎扑Android客户端"
"【4AM出征柏林高燃混剪MV】Legends Never Die 自制","MeiZzi9","大帅比邹邹！发自虎扑Android客户端"
"【4AM出征柏林高燃混剪MV】Legends Never Die 自制","傲天风风","梦回s5,回来了都回来了，3年的等待。。"
"4阿妹六月份日程安排！（来自官博 侵删）","暮晓青筝","小龙要带队啦好期待龙儿队长^_^发自虎扑iPhone客户端"
"4阿妹六月份日程安排！（来自官博 侵删）","Me丶魔","昨天看帖子还有说，一队打不上比赛的，这不来了么。4am加油！龙一队加油！猪二队加油！发自手机虎扑 m.hupu.com"
"感恩 感谢大家的陪伴喜爱和支持","沉默小星星","呜呜呜呜呜呜发自虎扑iPhone客户端"
"感恩 感谢大家的陪伴喜爱和支持","峡谷xg","引用1楼 @峡谷xg 发表的:恭喜4am嘤嘤嘤我是第一应该抽我把，哈哈哈发自虎扑iPhone客户端"
"感恩 感谢大家的陪伴喜爱和支持","fffllzz","恭喜4AMzszs"
"感恩 感谢大家的陪伴喜爱和支持","影子zzzzz","恭喜4AM，猪头又要去柏林了，S5丢掉的东西，这次拿回来吧。"
"感恩 感谢大家的陪伴喜爱和支持","生德韦大","4AM   OMG加油！争光回来！！！发自虎扑Android客户端"
"感恩 感谢大家的陪伴喜爱和支持","你来拿货","加油加油，4只猪，真的哭了 牛逼牛逼牛逼发自虎扑Android客户端"
"感恩 感谢大家的陪伴喜爱和支持","猫猫喵喵呜","4am牛逼牛逼牛逼"
"感恩 感谢大家的陪伴喜爱和支持","星星我爱你哈","我们天谴了这么久，终于最后一把天把圈刷回来了。😂😂发自虎扑Android客户端"
"感恩 感谢大家的陪伴喜爱和支持","夹谷亦云","期待下一次在德国战胜强大的FAZE  ！！！发自虎扑Android客户端"
"[流言板]Shroud和DrDisRespect绝地求生专属武器皮肤将于北京时间6月5日发售","家葛愛情","红的还是不要买了吧"
"[流言板]Lstars电子竞技俱乐部官博宣布拒绝参加赛程故意冲突的赛事","aresuuuuu","最*河蟹*台赛事有快手和黄金赛？"
"为什么虎扑不自己组建一支队？","抱抱抱抱包","楼主做老板，出钱建基地。欧了发自虎扑Android客户端"
"看到出新皮肤了！告诉你手机怎么买！","欧阳永叔","引用16楼 @猗犽小天使 发表的:应该挺多人买的，到时候捡别人的就行了你好像有丶东西的。发自虎扑Android客户端"
"感恩 感谢大家的陪伴喜爱和支持","你好像有点秀","爱你哦 么么哒爱你哦 么么哒"
"感恩 感谢大家的陪伴喜爱和支持","杰森威廉姆斯白巧克力","逆风翻盘，向阳而生，恭喜4AM TPP ！！！！发自虎扑Android客户端"
"感恩 感谢大家的陪伴喜爱和支持","iked999","恭喜4AM 。。。"
"感恩 感谢大家的陪伴喜爱和支持","xc大魔王","4am最棒！蜂哥ob果然厉害！发自虎扑iPhone客户端"
"感恩 感谢大家的陪伴喜爱和支持","iFTY牛逼","恭喜恭喜4am发自虎扑Android客户端"
"感恩 感谢大家的陪伴喜爱和支持","书上说天下无不散宴席","咻，哪一箭回来了发自虎扑Android客户端"
"感恩 感谢大家的陪伴喜爱和支持","笔锋W丹青","4AM牛逼！绝地反击真的太燃了！发自虎扑Android客户端"
"感恩 感谢大家的陪伴喜爱和支持","凉辰槿梦","错错错错错发自虎扑iPhone客户端"
"[流言板]Lstars电子竞技俱乐部官博宣布拒绝参加赛程故意冲突的赛事","clbb","支持  平台真的贼恶心"
"[流言板]Lstars电子竞技俱乐部官博宣布拒绝参加赛程故意冲突的赛事","mvpol","a总还是有魄力啊发自虎扑Android客户端"
"[流言板]Lstars电子竞技俱乐部官博宣布拒绝参加赛程故意冲突的赛事","OURUR","//Lgd转发微博//omg转发微博//4am转发微博//snaketc转发微博//17转发微博发自虎扑iPhone客户端"
"[流言板]Lstars电子竞技俱乐部官博宣布拒绝参加赛程故意冲突的赛事","空岩啸","没毛病，挺A总阿玛尼就是有血性"
"[流言板]Lstars电子竞技俱乐部官博宣布拒绝参加赛程故意冲突的赛事","古木sitter","a总有魄力，如果所有战队，至少是T1战队能够联合起来抵制平台恶意竞争，那么整个竞技环境应该会好很多发自虎扑Android客户端"
"[流言板]Lstars电子竞技俱乐部官博宣布拒绝参加赛程故意冲突的赛事","小连云","斗鱼黄金大奖赛早就进行了，是说的快手吧发自手机虎扑 m.hupu.com"
"[流言板]Lstars电子竞技俱乐部官博宣布拒绝参加赛程故意冲突的赛事","Armanini","引用66楼 @zxcasdqe 发表的:lstar 没进黄金赛       这种都有人点亮  nc真多斗鱼水军？？发自虎扑iPhone客户端"
"[流言板]Lstars电子竞技俱乐部官博宣布拒绝参加赛程故意冲突的赛事","Armanini","引用33楼 @北方椰子 发表的:熊猫、斗鱼的比赛都没打进决赛，何来弃赛一说？我们就是放弃了斗鱼的去打的虎牙的发自虎扑iPhone客户端"
"为什么虎扑不自己组建一支队？","c拐角遇到你c","然后,把流量队的粉丝赶走? 然后想把这里变成一个战队内部BBS?  你想要一个大海,还是只想要一个池塘???哎,"
"为什么虎扑不自己组建一支队？","怀表停了","投资要有收益，现在吃鸡俱乐部基本都是在赔钱，虎扑不像B站那么财大气粗。"
"为什么虎扑不自己组建一支队？","nba是盘生意","引用1楼 @抱抱抱抱包 发表的:楼主做老板，出钱建基地。欧了我想过 可有钱没从商经验发自虎扑iPhone客户端"
"为什么虎扑不自己组建一支队？","登等灯等灯","引用5楼 @nba是盘生意 发表的:我想过 可有钱没从商经验虎扑发个帖子，经理，教练，领队，队友，煮饭阿姨都有了。发自虎扑iPhone客户端"
"为什么虎扑不自己组建一支队？","高价回收二手倍镜","引用3楼 @c拐角遇到你c 发表的:然后,把流量队的粉丝赶走? 然后想把这里变成一个战队内部BBS?  你想要一个大海,还是只想要一个池塘???哎,文化人说话就是不一样，大海啊池塘的，都是九年义务教育，为什么你这么优秀发自虎扑iPhone客户端"
"你们买了哪个箱子的98k当皮肤呀？","路费先生","买了shroud的 另一个人品太差了 不买发自虎扑iPhone客户端"
"看到出新皮肤了！告诉你手机怎么买！","细波o阿扎尔","引用12楼 @Dream梓晨 发表的:游戏内直接买可以吗？ 必得2个皮肤？是必得！  游戏中就在买钥匙的边上有两个箱子    对应的就是我发图的四个皮肤发自虎扑iPhone客户端"
"看到出新皮肤了！告诉你手机怎么买！","猗犽小天使","应该挺多人买的，到时候捡别人的就行了发自虎扑iPhone客户端"
"强力推荐，第一次看joy老师直播，立马被圈粉了","IssaczzZ","Joy老师太接地气了发际线特别抢眼（小声比比）发自虎扑iPhone客户端"
"下次pcpi就是17和Fga一同闪耀世界之时","六月的圣城很美","这游戏的热度，有点悲观，有可能没有下次发自虎扑Android客户端"
"[流言板]全球范围内绝地求生玩家数量下降了近50%","狗都笑了","自己作死  关个人交易"
"强力推荐，第一次看joy老师直播，立马被圈粉了","wanwan88","引用2楼 @wanwan88 发表的:说腾讯要组一个教练团给4am和omg而且joy应该在教练团里，他简单说了下教练团作用，说不会打乱各个战队战术，主要是提供国外战队数据参数信息，以及给中国队队员心灵按摩，哈哈哈"
"强力推荐，第一次看joy老师直播，立马被圈粉了","xyzVenus","引用16楼 @路人乙cb 发表的:joy没话说，有个7911的房管是真的睿智，瞎比封人的，真的招黑我服辣，“OMG吊打4AM，不开玩笑”“这个冠军一定出了不少钱”“4AM出国就是丢脸的”这样的弹幕，都要我们骂一顿房管他才会封，到了你的嘴里就变成了一个带着7911牌子的人随意封人，什么叫张口就来我算是了解了，当然，如若你觉得我是张口就来，那么你说是，就是吧。发自手机虎扑 m.hupu.com"
"强力推荐，第一次看joy老师直播，立马被圈粉了","wanwan88","说腾讯要组一个教练团给4am和omg"
"强力推荐，第一次看joy老师直播，立马被圈粉了","GDUT_XH","引用16楼 @路人乙cb 发表的:joy没话说，有个7911的房管是真的睿智，瞎比封人的，真的招黑表示在现场而且我认为经纪人封的没毛病。封的都是在joy老师直播间带4am或者别的战队节奏的，有什么问题？别人的直播间不该客气点？如果不封那joy老师多尴尬，满屏幕都是说Long怎样怎样，4AM怎样怎样。另外多嘴问一句是不是你自己被封了？←_←发自虎扑Android客户端"
"下次pcpi就是17和Fga一同闪耀世界之时","anbaile","别，国服迟迟不出，这游戏能挺一年？发自虎扑iPhone客户端"
"[流言板]全球范围内绝地求生玩家数量下降了近50%","怀表停了","其实我觉得也不是全怪外挂。。外挂最猖獗的时候是过年前后，那时候玩家人数达到顶峰。。说白了，跟外挂关系不大，因为外挂一直有，而且最近外挂比之前还少了。。主要原因还是有不少人玩腻了，就跟OW一样，淘汰了一些跟风的玩家，留下的都是忠实用户。。那些尝过新鲜感的人，慢慢都会离开的。。国服出来后还会有一大批进来享受低延迟无挂的环境的，然后半年之后继续淘汰，应该就会形成稳定的玩家群了。。"
"[流言板]全球范围内绝地求生玩家数量下降了近50%","Kyrie艾榮","我从一开始每天玩几个小时的狂热玩家变成了只看比赛的云玩家了 不是不喜欢这游戏 只是身边的人不玩了 自己也没太大心思每天去沉迷这个游戏 等到国服出来 无延迟可能会再回归吧"
"[流言板]全球范围内绝地求生玩家数量下降了近50%","葱吖撒吖","自己作死，外挂横行发自虎扑iPhone客户端"
"[流言板]全球范围内绝地求生玩家数量下降了近50%","第三章卅","游戏配置水准太高，游戏模式单一，外挂横行，网络延迟高，BUG修复太慢，自己作死"
"[流言板]OMG战队队员笑容发博：无论什么队，喜欢他们支持鼓励就完事了","曼联夺冠了嘛","说一句笑容很帅应该没有反对的吧发自虎扑Android客户端"
"[流言板]OMG战队队员笑容发博：无论什么队，喜欢他们支持鼓励就完事了","云天有河","大哥拍拍你的肩膀安慰你，但是他自己却学不会"
"[流言板]OMG战队队员笑容发博：无论什么队，喜欢他们支持鼓励就完事了","gaoxxmm","OMGlionkk：我承认，荣叔是职业选手中最帅之一，但是光帅是没女朋友的，还要枪法好，就像我！发自虎扑iPhone客户端"
"[流言板]OMG战队队员笑容发博：无论什么队，喜欢他们支持鼓励就完事了","皮皮虾我们上","引用5楼 @gaoxxmm 发表的:OMGlionkk：我承认，荣叔是职业选手中最帅之一，但是光帅是没女朋友的，还要枪法好，就像我！笑容:我承认小狮子枪法是最好的那波人，但枪法好是不够的，还要长的帅，就像我！发自虎扑Android客户端"
"[流言板]OMG战队队员笑容发博：无论什么队，喜欢他们支持鼓励就完事了","JoeyZhang159210","狙击大哥有点秀"
"[流言板]OMG战队队员笑容发博：无论什么队，喜欢他们支持鼓励就完事了","丑十一怪","狙击大哥真是天秀，哈哈哈哈来一句：omg强无敌发自虎扑iPhone客户端"
"[流言板]OMG战队队员笑容发博：无论什么队，喜欢他们支持鼓励就完事了","omg小狮子的小狐狸","引用5楼 @gaoxxmm 发表的:OMGlionkk：我承认，荣叔是职业选手中最帅之一，但是光帅是没女朋友的，还要枪法好，就像我！哈哈哈，我容叔需要一个女朋友，找不到就只有找男朋友了发自虎扑iPhone客户端"
"【专访】专访PCPI决赛FPP冠军战队OMG：心志坚定 剑指冠军！","manutd_Olivier","我的天啊，看完访谈的感觉就是：笑容就像个大boss，处变不惊威望极高，平时笑嘻嘻的指挥这几个猛男，必要时候也能愤怒变身亲自杀戮。顿时觉得这个队有点可怕~4am和17在omg面前可能真的是个弟弟发自虎扑iPhone客户端"
"【专访】专访PCPI决赛FPP冠军战队OMG：心志坚定 剑指冠军！","呵呵呵呵是嘛","OMG德国柏林加油！悄咪咪带上膨胀的林大哈哈发自虎扑iPhone客户端"
"聊一聊国内绝地求生职业战队战术吧","ChaoXue","天选也有落到4am的时候啊，以前都是“天谴”，“全程赶圈”，“跳4am对面就稳了”.发自虎扑Android客户端"
"你有没有标点豪宅开伞之后就去了旁边猪圈","亦念的光泽","保留火种，战略性转移😁😁发自虎扑Android客户端"
"聊一聊国内绝地求生职业战队战术吧","Valkt","其实4am在比赛之前的训练赛也是偏向占山地高点打靶观测的 训练赛至少我看的很多吃鸡都是山地战。。。这个比赛风格真的很难说应该会根据参赛对手的战术来调整。。4am几次大赛的风格我觉得就完全不一样"
"聊一聊国内绝地求生职业战队战术吧","隔壁王哥棒棒棒","引用3楼 @掬一捧明月 发表的:有印象的确实就这两场，而且很深兄弟，17 20杀第四跟17杀吃鸡哪吧不是天命打靶。4am就最后一场天命圈就成了靠天命的战术？发自虎扑Android客户端"
"聊一聊国内绝地求生职业战队战术吧","古木sitter","看得想笑，不过我四阿妹和T0并列总感觉有些怪怪的发自虎扑Android客户端"
"你有没有标点豪宅开伞之后就去了旁边猪圈","打烂你的冼澡盆x","我都是跳了豪宅被人追着往外面跑，233发自虎扑Android客户端"
"昨晚看了msjoy直播时重播看的欧洲出线的比赛，欧洲战队真的好强，大家讨论一下pgi","0一生绿凯0","反正昨天他分析faze那波用摩托车和小反斜拉枪线2v4把我秀到了发自虎扑iPhone客户端"
"真的是这样吗？你玩吃鸡会记住淘汰你的人ID吗？","一头死胖子","我只会记得我杀死的对手！毕竟.....杀死我的人多了...你算老几..发自虎扑iPhone客户端"
"jbda快被女主播锤自闭了","snaketc堡垒","引用27楼 @家葛愛情 发表的:baolei打csgo也太弟弟了我700块的沙鹰秒4750的大狙，还算弟弟呀发自虎扑iPhone客户端"
"真的是这样吗？你玩吃鸡会记住淘汰你的人ID吗？","烤鱼的故事","zszszszszs发自虎扑iPhone客户端"
"真的是这样吗？你玩吃鸡会记住淘汰你的人ID吗？","BeckRed","我是完全不记 甚至不会刻意去看的....发自虎扑iPhone客户端"
"真的是这样吗？你玩吃鸡会记住淘汰你的人ID吗？","Ejita","这就是信息收集能力的一种啊， 就像lol王者局你碰到了之前碰到过的就会知道他的风格可以 针对发自虎扑Android客户端"
"真的是这样吗？你玩吃鸡会记住淘汰你的人ID吗？","搁浅者","说明你死的还不够多发自虎扑iPhone客户端"
"真的是这样吗？你玩吃鸡会记住淘汰你的人ID吗？","609817040","碰到外挂会记住名字告诉还没倒的队友发自虎扑Android客户端"
"jbda快被女主播锤自闭了","snaketc堡垒","引用39楼 @zsdxzsy 发表的:小堡垒貌似只会玩手枪和狙，长枪擀面杖哈哈哈聪明发自虎扑iPhone客户端"
"jbda快被女主播锤自闭了","往右拉满","211就手枪1串4秀了把，然后无限自闭，哈哈发自虎扑Android客户端"
"jbda快被女主播锤自闭了","snaketc堡垒","引用40楼 @unfatt 发表的:四个加时熬死人哈哈哈哈哈哈哈哈发自虎扑iPhone客户端"
"jbda快被女主播锤自闭了","小萌凳","女主播火猫TV小小龙发自虎扑Android客户端"
"jbda快被女主播锤自闭了","奎克利123","火猫是csgo专攻的直播平台 绝地大佬被锤应该很正常。"
"jbda快被女主播锤自闭了","ZH5920","终于打完了 熬死了……发自虎扑iPhone客户端"
"jbda快被女主播锤自闭了","人云亦云a","终于赢了 好像跟小狮子都是49杀  但是各项数据MVP都是莉莉的"
"jbda快被女主播锤自闭了","我擦迈","今年估计看不到这五个B碰这玩意儿了 问候下张妈哟发自虎扑iPhone客户端"
"现在职业队的工资是多少呀","mifengaaa","你朋友可能被传销了吧 发自虎扑iPhone客户端"
"现在职业队的工资是多少呀","智v胜","引用34楼 @mifengaaa 发表的:你朋友可能被传销了吧 他朋友叫马诗恒发自虎扑Android客户端"
"现在职业队的工资是多少呀","azhangaa","你要么就是来骗经验的 要么你朋友就是被人骗了"
"现在职业队的工资是多少呀","第三章卅","引用34楼 @mifengaaa 发表的:你朋友可能被传销了吧 "
"现在职业队的工资是多少呀","往事秋刀鱼","青训不可能这么多的，17 ifty 4am一队工资一个月才这个数"
"现在职业队的工资是多少呀","Devil_chen","引用34楼 @mifengaaa 发表的:你朋友可能被传销了吧 蜂仔这几天很活跃，哈哈……什么时候再来好声音啊……发自虎扑iPhone客户端"
"现在职业队的工资是多少呀","aresuuuuu","这明显是在钓鱼，想打探职业队员工资的。 这人估计是A总所说的一些黑心中介和杂牌俱乐部的人"
"现在职业队的工资是多少呀","槑君王","青训怎么可能一个月几万 做梦的吧。。"
"现在职业队的工资是多少呀","孤存的大哥","我觉得打职业的心态很重要，不能太波动，像孤存真的非常合适打职业。关键时候不会慌。每次看4AM比赛，只要猪头和存存没了，我就觉得基本上完了。相反，只要猪头和存存有一个在，我觉得这盘还有希望。"
"现在职业队的工资是多少呀","一直巅峰丶轩子","引用34楼 @mifengaaa 发表的:你朋友可能被传销了吧 峰哥好声音那个空白是放录音的，你知道了吗发自虎扑Android客户端"
"现在职业队的工资是多少呀","空岩啸","引用34楼 @mifengaaa 发表的:你朋友可能被传销了吧 哈哈，蜂哥也在啊。顺便给大家科普下行业薪水呗~免得有些小朋友不知深浅，误入歧途"
"现在职业队的工资是多少呀","浣熊好激情","引用2楼 @往事秋刀鱼 发表的:青训不可能这么多的，17 ifty 4am一队工资一个月才这个数撸哥年薪百万发自虎扑Android客户端"
"[流言板]PCPI中国邀请赛主持人兜兜发文：虎扑的战队巡礼对我帮助很大","见鬼说鬼话","兜兜是真滴漂亮啊发自虎扑Android客户端"
"这个战绩能不能进一线职业队","前面阳光正面照过来","如果这是500场战绩，那你的身价就是500w发自虎扑Android客户端"
"[流言板]PCPI中国邀请赛主持人兜兜发文：虎扑的战队巡礼对我帮助很大","露露露露噜啊噜","很早以前就非常喜欢你了😘发自虎扑iPhone客户端"
"[流言板]PCPI中国邀请赛主持人兜兜发文：虎扑的战队巡礼对我帮助很大","去年夏天天天天","长得辣么好看，说话又好听，完了发自虎扑iPhone客户端"
"[流言板]PCPI中国邀请赛主持人兜兜发文：虎扑的战队巡礼对我帮助很大","JoeyZhang159210","兜兜 我心中的女神"
"[流言板]PCPI中国邀请赛主持人兜兜发文：虎扑的战队巡礼对我帮助很大","嘤嘤嘤投酱"," 很棒的主持 看得出来应该对吃鸡这款游戏了解没有太多 但是面对各个队伍选手的时候都能恰到好处的问出问题 玩梗 真的很用心发自虎扑iPhone客户端"
"[流言板]PCPI中国邀请赛主持人兜兜发文：虎扑的战队巡礼对我帮助很大","文十","小改改的采访又长又直"
"[流言板]PCPI中国邀请赛主持人兜兜发文：虎扑的战队巡礼对我帮助很大","我想静静emmm","我又恋爱了……嘤嘤嘤发自虎扑iPhone客户端"
"[流言板]A+微博发文称PCPI落败是iFTY正规化的开端，休假是为了解决问题","paramero","言下之意大家应该看出来了啊，大哥是真想从根上解决问题啊，只是有的话说不出口，有的事他做不出来，所以只能回避啊。发自虎扑Android客户端"
"这个战绩能不能进一线职业队","SqM1","18场别想了zszs发自虎扑iPhone客户端"
"这个战绩能不能进一线职业队","酿意思的口音","进kz的要求  :和211对狙50盘，赢30盘。稳进。发自虎扑Android客户端"
"这个战绩能不能进一线职业队","白白斩鸡","怎么 想住地下室吗发自虎扑iPhone客户端"
"这个战绩能不能进一线职业队","晨间之雾","场次太少，分数太低2200分左右100+场次就大概知道是什么样的类型个人能力如何"
"这个战绩能不能进一线职业队","峡谷xg","最起码50场吧发自虎扑iPhone客户端"
"这个战绩能不能进一线职业队","是马哈哈啊w","又一个猛男。。发自虎扑Android客户端"
"这个战绩能不能进一线职业队","比斯开湾的幽灵","我觉得你可以 211这种都可以发自虎扑iPhone客户端"
"[流言板]A+微博发文称PCPI落败是iFTY正规化的开端，休假是为了解决问题","血色totaa","流量队也不是这么好做的，这次比赛后，ifty可能会掉出3大流量队，正好可以把全队心思放在比赛上。出了成绩，A+你就是王者归来，出不了成绩，ifty就成为曾经。"
"[流言板]A+微博发文称PCPI落败是iFTY正规化的开端，休假是为了解决问题","血色totaa","引用10楼 @用脑子生活 发表的:队友都是聪明人，尤其是TK是喜欢动脑子的。A+什么时候讲道理不喷人了，自然成绩就回来了确实，喷人限制了队友的发挥空间，A+希望的是队伍的执行力，但是这样下去队友就变成死脑筋了。NB211为什么强，老观众都知道，他是唯一一个在A+S12K面前敢怼回去而A+还没办法的人。"
"PUBG选手解说选个做男/女朋友，你会选谁？","MeiZzi9","我……我……我稀饭风筝小改改，当然，孤……孤……孤少也不是不行发自虎扑Android客户端"
"LGD布谷鸟已离队 ","77kuku77ku","引用29楼 @king考辛斯 发表的:有这么说话的吗？什么叫想想为什么只有他活着 这个梦教练的嘴是真的臭，一次又一次发自虎扑iPhone客户端"
"最讨厌打四排了...你喜欢单还是多排","Mr_ZeinY","四排，几个同学一起玩还能互喷，超爽发自虎扑Android客户端"
"PUBG选手解说选个做男/女朋友，你会选谁？","诺坎普的猫","兜兜zszszszs发自虎扑Android客户端"
"PUBG选手解说选个做男/女朋友，你会选谁？","全都是泡沫灬丿","引用1楼 @MeiZzi9 发表的:我……我……我稀饭风筝小改改，当然，孤……孤……孤少也不是不行发自虎扑Android客户端"
"PUBG选手解说选个做男/女朋友，你会选谁？","Pancraz1","千亿 毕竟腿控tx发自虎扑iPhone客户端"
"PUBG选手解说选个做男/女朋友，你会选谁？","O_Oasis","引用1楼 @MeiZzi9 发表的:我……我……我稀饭风筝小改改，当然，孤……孤……孤少也不是不行gay里gay气的，举报了发自虎扑iPhone客户端"
"PUBG选手解说选个做男/女朋友，你会选谁？","XQaweto","毫无疑问，小彤发自虎扑Android客户端"
"PUBG选手解说选个做男/女朋友，你会选谁？","21槑7","孤存，谢谢，请各位不要跟我抢发自虎扑Android客户端"
"PUBG选手解说选个做男/女朋友，你会选谁？","大呶呶","存存当然最好了，那么可爱，让人忍不住想宠没有存存的话，那我选也好，毕竟颜值在线，说话也很有趣啊。好看的皮囊和有趣的灵魂，都要发自虎扑iPhone客户端"
"LGD布谷鸟已离队 ","king考辛斯","有这么说话的吗？什么叫想想为什么只有他活着 发自虎扑iPhone客户端"
"LGD布谷鸟已离队 ","小弯52","布谷鸟当时他们买过去五万,经常调笑,一个叉扣龙=40个鸟少.这位教练嘴太X了,从你公司离职的员工你这样说一句不是毁人呢么.看了你说的这句话,还有人买他么,得了你一个这种评价还让不让人继续打了.人都要走了,推荐信也得写个好看点的啊."
"LGD布谷鸟已离队 ","高可urz","引用33楼 @77kuku77ku 发表的:这个梦教练的嘴是真的臭，一次又一次有这种教练 我觉得lgd也强不到哪里去发自虎扑Android客户端"
"LGD布谷鸟已离队 ","JaegerX","梦晴就是个渣渣 有人点赞么？发自虎扑iPhone客户端"
"LGD布谷鸟已离队 ","用脑子生活","引用33楼 @77kuku77ku 发表的:这个梦教练的嘴是真的臭，一次又一次这个梦情，人丑还多作怪……"
"LGD布谷鸟已离队 ","谨言慎行QAQ","引用33楼 @77kuku77ku 发表的:这个梦教练的嘴是真的臭，一次又一次上次那个nn也是，人都走了，还要说一大堆，说别学nn什么什么的，人现在在fpx也算是头牌了发自虎扑Android客户端"
"LGD布谷鸟已离队 ","17GIGI","引用3楼 @御用网管 发表的:25W年薪？？有点低。。25w是给俱乐部的 不是给选手的。。大兄弟"
"LGD布谷鸟已离队 ","NanXunN","我真是无极鲅鱼啦，看了LGD快一年送走两个突击位了。这个位置是有毒还是怎么，先从NN再到布谷鸟，昨天梦晴还在自己群里说布谷鸟去二队替换今天就离队了？我就直说，作为LGD粉丝想问一下什么时候换教练？以前觉得没成绩换了NN，换了布谷以后还不是没有什么变化，该低迷还不是低迷？不是换人就能解决问题的，但是总是用换人来解决问题。发自虎扑Android客户端"
"LGD布谷鸟已离队 ","likuider","引用258楼 @玮德噶1197 发表的:嗯，著名带哥又来了？反正4AM背锅就完事了。消灭抱团这个b，4am职业黑，每个帖子里没人说4anm，他得上来扯上4am，把节奏带起来，也许上辈子猪头杀了他全家，所以这辈子才这样子吧发自虎扑Android客户端"
"LGD布谷鸟已离队 ","用脑子生活","引用33楼 @77kuku77ku 发表的:这个梦教练的嘴是真的臭，一次又一次被KTV之人活着都是错的……"
"LGD布谷鸟已离队 ","阿苏苏的苏丶","引用111楼 @JaegerX 发表的:梦晴就是个渣渣 有人点赞么？有啊 我实名点赞发自虎扑Android客户端"
"LGD布谷鸟已离队 ","你歌是你哥啊","啊 我还觉得他不会走 布谷鸟有点东西的发自虎扑iPhone客户端"
"LGD布谷鸟已离队 ","小黑盒Zeus","都是俱乐部正常换血操作 各位冷静一下这次挂牌换人挺多的～等转会期结束再说嘛。。发自虎扑iPhone客户端"
"LGD布谷鸟已离队 ","77kuku77ku","引用51楼 @jakey明昊 发表的:具体情况不了解，如果是因为布谷鸟的失误或者其他原因，倒是队伍只有布谷鸟或者，梦情这么说这也正常正常？哪个教练出来这么说了？就算在lol圈也没有这样的发自虎扑iPhone客户端"
"最讨厌打四排了...你喜欢单还是多排","qing1fei","从不玩单排。心脏受不了。双排玩的最多 因为我有现实朋友。虽然打的很差。"
"忏悔来4am试训了","难受啊醒","来4am不用试训，毕竟天天带老板娘打游戏的。"
"LGD布谷鸟已离队 ","遍地的青苔","龟龟，地震了，IFTY，4AM，LS等 赶紧捞人才"
"LGD布谷鸟已离队 ","likuider","引用33楼 @77kuku77ku 发表的:这个梦教练的嘴是真的臭，一次又一次从来不喜欢这个教练，嘴真的臭，败lgd人品发自虎扑Android客户端"
"LGD布谷鸟已离队 ","勾陈六星","引用72楼 @你眼里的我是怎样的 发表的:有人科普以下是这个B没？？？原来是个警察，绝地火起来的时候他狙击dota圈大主播yyf，还起了个很挑衅的id叫ob之父（yyf退役以后和朋友组的队叫ob战队），惹怒了别人粉丝就道歉认怂了，上过亚服榜首。dota圈那些人都很菜，对高手还蛮尊重的，之后他算打入了这个圈子，总是去大mu的自定义服玩。吃鸡职业化以后自荐到lgd当教练，lgd的人还咨询mu神这个人怎么样，mu神说一起玩的时候没什么毛病，lgd就要他了。我看直播的时候他已经混进这个圈子了，狙击的事了解的不太清楚，yyf的粉丝应该知道。补充一点点，去年4、5月份dota圈很流行玩这个，他们基本都很菜有时候找大腿带，像哦棒、图拉夫、小白鸽、梦晴都是常客，每天晚上在mu神yy组队打自定义，服务器是obang申请的，但是他白天要工作，但是这些人都玩到很晚，所以梦晴就接了开夜间服务器的工作，在斗鱼也开了个直播，有的人会到他直播间看上帝视角，不过播了半年也没火，后来他就去lgd当教练了，多少沾了和dota这些人比较熟悉的光吧。[ 此帖被勾陈六星在2018-06-05 22:45修改 ]"
"LGD布谷鸟已离队 ","你眼里的我是怎样的","引用33楼 @77kuku77ku 发表的:这个梦教练的嘴是真的臭，一次又一次有人科普以下是这个B没？？？"
"LGD布谷鸟已离队 ","jakey明昊","引用33楼 @77kuku77ku 发表的:这个梦教练的嘴是真的臭，一次又一次具体情况不了解，如果是因为布谷鸟的失误或者其他原因，倒是队伍只有布谷鸟或者，梦情这么说这也正常"
"LGD布谷鸟已离队 ","有子逾墙","他自己为啥不想想lgd从天命杯冠军到现在决赛倒数直线下滑几个月，他这个教练却毫无办法？这种废物毒瘤早该滚了，四处口嗨给队员挖坑。发自虎扑Android客户端"
"LGD布谷鸟已离队 ","胡萝卜与蜗牛i","引用128楼 @NanXunN 发表的:我真是无极鲅鱼啦，看了LGD快一年送走两个突击位了。这个位置是有毒还是怎么，先从NN再到布谷鸟，昨天梦晴还在自己群里说布谷鸟去二队替换今天就离队了？我就直说，作为LGD粉丝想问一下什么时候换教练？以前觉得没成绩换了NN，换了布谷以后还不是没有什么变化，该低迷还不是低迷？不是换人就能解决问题的，但是总是用换人来解决问题。作为以前LOL的LGD粉丝 建议你不要粉LGD 这个队伍管理只能用弱智形容教练能说出这样的话 还有之前在论坛的发言 老板毫无作为 只能说这个队伍不值得粉 喜欢队员就可以了"
"[虎扑绝地求生复盘]KZ_SSSNB211单人堵桥4AM详解：致命失误成就永恒经典","怀表停了","直到这个游戏的尽头，见证过这个镜头的人恐怕都不会忘了如此经典的时刻，因为它不只是一次个人英雄主义的极致发挥，同时也承载了属于双方的恩怨情仇。发自虎扑iPhone客户端"
"感觉这游戏已经被外挂支配（版主注：吐槽外挂讨论，单开合并）","xujiancow","哈哈哈哈     嗝。。"
"忏悔来4am试训了","mifengaaa","你们好像有点快发自虎扑iPhone客户端"
"忏悔来4am试训了","吃鸡不吃吧","引用30楼 @Prime柯 发表的:去了不也是看饮水机 何必呢？你进来不也是嘲讽一下 何必呢发自虎扑Android客户端"
"忏悔来4am试训了","酷凌123","KG_CHANHUI，4AMKenny职业生涯杀的第一个人发自虎扑Android客户端"
"忏悔来4am试训了","难受啊醒","引用1楼 @My1KeMiiii 发表的:忏悔是谁，科普下KG的，快播王总手下的打手。"
"忏悔来4am试训了","wlzzzzz","蜜蜂仔的打手居然来了。。发自虎扑Android客户端"
"忏悔来4am试训了","柿子殿下丶","KG的主力，王总的心腹，还需要试训？！直接说跳槽不就行了！"
"忏悔来4am试训了","越小祈","忏悔生存能力很强，不过感觉一队3个打手够了缺个指挥，如果是王总来就好了哈哈哈 战术大师，训练赛王总一招借刀杀人灭了岛上3个队那场记忆犹新啊"
"忏悔来4am试训了","Wendy444","就是王总的打手。我现在记得他们天天杀猪的行为。天天安排小龙的打手发自虎扑Android客户端"
"忏悔来4am试训了","_野原广志","引用152楼 @mifengaaa 发表的:你们好像有点快老板娘在虎扑买了房？"
"忏悔来4am试训了","走着走着zZ","昨天早上在王总直播间他提到过 去4am或者ag试发自虎扑Android客户端"
"忏悔来4am试训了","ev517","一队颜值完爆油头粉面的二队，孤存独木难支发自虎扑Android客户端"
"[虎扑绝地求生复盘]KZ_SSSNB211单人堵桥4AM详解：致命失误成就永恒经典","帮我答下到","反正我是关弹幕看完的。发自虎扑iPhone客户端"
"[虎扑绝地求生复盘]KZ_SSSNB211单人堵桥4AM详解：致命失误成就永恒经典","喳喳玩hupu","真的太燃了。早上迷迷糊糊醒了打开直播正好看到这一幕，（加上激情解说）瞬间精神了。唯一不懂的是为什么吉普车的人坐1-2号位。觉得不可能有人堵桥，大意了？[ 此帖被喳喳玩hupu在2018-06-03 10:52修改 ]"
"[虎扑绝地求生复盘]KZ_SSSNB211单人堵桥4AM详解：致命失误成就永恒经典","我好想再抱抱你","m16扫车真的见功力，被闪了不慌杀godv是关键，强就完事了发自虎扑iPhone客户端"
"[虎扑绝地求生复盘]KZ_SSSNB211单人堵桥4AM详解：致命失误成就永恒经典","S4turn","三天的比赛看下来，对211的观感有点复杂。敬佩他但又讨厌他，因为他把我主队的尊严按在地上摩擦了一遍又一遍。发自虎扑Android客户端"
"[虎扑绝地求生复盘]KZ_SSSNB211单人堵桥4AM详解：致命失误成就永恒经典","浪里白条丶","我觉得是好事，一梭子前队友的子弹告诉他们细节有多么重要。发自虎扑Android客户端"
"[虎扑绝地求生复盘]KZ_SSSNB211单人堵桥4AM详解：致命失误成就永恒经典","buctor","呜呜呜，都给我哭发自虎扑Android客户端"
"[虎扑绝地求生复盘]KZ_SSSNB211单人堵桥4AM详解：致命失误成就永恒经典","欧阳永叔","引用10楼 @呆来了谁 发表的:雷的位置炸不到莉莉吧 是莉莉先听到拉栓声主动出击的吧 一瞬间的事情，雷不管能不能炸到，4am肯定要有对方会被逼迫走位的准备，几乎雷炸的同时在扔闪，时机把控的不好，韦神和孤存是脱节的。发自虎扑Android客户端"
"[虎扑绝地求生复盘]KZ_SSSNB211单人堵桥4AM详解：致命失误成就永恒经典","何时别离两相逢","希望4am知耻而后勇发自虎扑iPhone客户端"
"[虎扑绝地求生复盘]KZ_SSSNB211单人堵桥4AM详解：致命失误成就永恒经典","CP3智斗3CP","分析的很到位发自虎扑Android客户端"
"[虎扑绝地求生复盘]KZ_SSSNB211单人堵桥4AM详解：致命失误成就永恒经典","嘣嚓嚓嘿嘿","猪头被补后cpt和拳王有没有爬到掩体后面，我觉得孤存可以试着扶队友的，毕竟fpp人数优势要大发自虎扑Android客户端"
"[虎扑绝地求生复盘]KZ_SSSNB211单人堵桥4AM详解：致命失误成就永恒经典","不是道士终南山","引用12楼 @怀表停了 发表的:直到这个游戏的尽头，见证过这个镜头的人恐怕都不会忘了如此经典的时刻，因为它不只是一次个人英雄主义的极致发挥，同时也承载了属于双方的恩怨情仇。说是放下了 但话题性和故事永远都在那啊。威少和杜兰特关系修复了 但是看见他们谁能不想起曾经的王炸组合呢。发自虎扑iPhone客户端"
"[虎扑绝地求生复盘]KZ_SSSNB211单人堵桥4AM详解：致命失误成就永恒经典","plarker","个人感觉孤存如果在韦神被打掉以后选择封烟救人会不会是个好的选择？发自虎扑iPhone客户端"
"感觉这游戏已经被外挂支配（版主注：吐槽外挂讨论，单开合并）","蓝军米饭侠","这就是在自己户口本上写着“办-证、迷-药、木仓 。1xxxxxxxxxx”   ，然后拿着户口本去户籍大厅办理业务，户籍民警办理了业务，其他什么都没做。"
"感觉这游戏已经被外挂支配（版主注：吐槽外挂讨论，单开合并）","igniz0412","现在蓝洞公告的可信程度比斗鱼蓝光的码率都低发自虎扑Android客户端"
"感觉这游戏已经被外挂支配（版主注：吐槽外挂讨论，单开合并）","展翅翱翔烧饼多","一个游戏再火 再好玩 被外挂支配早晚要凉 参考冒险岛。发自虎扑iPhone客户端"
"感觉这游戏已经被外挂支配（版主注：吐槽外挂讨论，单开合并）","23号圆梦","看了一段时间qqq的直播，刚开始总是感觉他被人杀了就说是挂，结果有了回放以后，发现竟然真的有这么多挂。。。由此观之，17shou这种选手杀的稍微低端点的挂真的不知道有多少，挂其实比想象中多的多。发自虎扑Android客户端"
"感觉这游戏已经被外挂支配（版主注：吐槽外挂讨论，单开合并）","Ambulation","引用1849楼 @放三分不进 发表的:傻逼自爆，头像q群腾讯分分钟找到你。不过我希望所有孤儿都这智商。这种在亚服前几的都是q群，要找早就找了发自虎扑iPhone客户端"
"感觉这游戏已经被外挂支配（版主注：吐槽外挂讨论，单开合并）","蛋疼马甲","挂上分太容易了，会源源不断的新号用挂充分打打广告。即使现在挂便宜了，但是相比98一个号，利润还是相当的可以发自虎扑iPhone客户端"
"感觉这游戏已经被外挂支配（版主注：吐槽外挂讨论，单开合并）","马甲","引用1245楼 @为嘛要起名 发表的:前两天我和基友在网吧吃鸡 看见有个人开外挂然后被人用挂打死了 还骂人家开挂的是孤儿 当时我俩就笑了那你有没有走过去用力的一拍他肩膀然后大声说，卧槽，哥们你说的太对了，我也觉得开挂的都因该死全家"
"感觉这游戏已经被外挂支配（版主注：吐槽外挂讨论，单开合并）","磁铁能日天","这个是真滴牛逼发自虎扑Android客户端"
"感觉这游戏已经被外挂支配（版主注：吐槽外挂讨论，单开合并）","原来长岛没有雪","外挂再多，环境再差，这都不是你开挂的理由。发自虎扑iPhone客户端"
"感觉这游戏已经被外挂支配（版主注：吐槽外挂讨论，单开合并）","夕阳下的奔跑丿","就是不管，你随意举报，封一个号算我输。发自虎扑iPhone客户端"
"感觉这游戏已经被外挂支配（版主注：吐槽外挂讨论，单开合并）","球爹南波丸","我是真的烦那些吐槽说挂多的他就来吐槽你玩的菜非要说挂多。论坛里你不认识我，我不认识你的。我有必要甩锅给外挂吗？玩了三百个小时了。看一眼回放，判断一下射速和弹孔。是不是挂不一清二楚。？发自虎扑iPhone客户端"
"感觉这游戏已经被外挂支配（版主注：吐槽外挂讨论，单开合并）","4yu","起个名字就是虎牙的么，你起码给个直播地址啊"
"感觉这游戏已经被外挂支配（版主注：吐槽外挂讨论，单开合并）","隔壁小高","外挂软件都开源了，你说呢还是那句话，蓝洞无能而已，以后幺蛾子会更多，真以为天朝玩家走了就好了？之前一堆人喷我，说CSGO和OW也有挂。有智商吗？CSGO和OW有这么多种类的挂？有这么八仙过海的挂壁？有已经赚到不想赚干脆开源的外挂制作人？最后，有面对这么多挂，1年时间却一点反应都没有的公司？别拿OW和CSGO和吃鸡比，我就算一个万年暴黑，我也觉得暴雪丢不起这人"
"[虎扑绝地求生复盘]KZ_SSSNB211单人堵桥4AM详解：致命失误成就永恒经典","余风与你","这个1v4是不可能复制的，各种各样的原因累积成的1  211手感爆炸，前几场打的特别好，这局要追分2  4am转移时间早3  4am状态没有，心态爆炸，随缘游戏，最后一局4  4am不确定几个人，心里没想过堵桥架枪就是一群失魂落魄的人，碰到一个强无敌的人发自虎扑Android客户端"
"感觉这游戏已经被外挂支配（版主注：吐槽外挂讨论，单开合并）","kicle","秀，这个营销手段厉害了发自虎扑iPhone客户端"
"感觉这游戏已经被外挂支配（版主注：吐槽外挂讨论，单开合并）","痛恨外挂","为了不让人说成云吃鸡，我也换了1万多的电脑，把小孩的号拿来玩了两把。第一把摸摸索索捡了点垃圾，枪还没得，就被打死了在新地图荒野小屋，存活时间不到5分钟。死亡回放，对方是在房顶上胡乱放枪，我在屋里中枪倒地。家里人不让玩，怕我气个好歹，说实话我真不气，重在参与。过几天换个老花镜，老子干死这群挂逼。"
"感觉这游戏已经被外挂支配（版主注：吐槽外挂讨论，单开合并）","丨逆沙丶","孤儿没有家人，自然不用过节了呀，只能来打游戏了发自虎扑iPhone客户端"
"感觉这游戏已经被外挂支配（版主注：吐槽外挂讨论，单开合并）","iZnoG0urD","前几天孤儿还要等到决赛圈才发力，这周末孤儿不演了，直接落地直接穿墙腰射走起，10把至少8把都是这样的孤儿秒杀你。这游戏还有什么意义？发自虎扑iPhone客户端"
"感觉这游戏已经被外挂支配（版主注：吐槽外挂讨论，单开合并）","我干榴莲","正常的要死，你想偷袭别人，直接被人反杀发自虎扑iPhone客户端"
"感觉这游戏已经被外挂支配（版主注：吐槽外挂讨论，单开合并）","放三分不进","傻逼自爆，头像q群腾讯分分钟找到你。不过我希望所有孤儿都这智商。发自手机虎扑 m.hupu.com"
"感觉这游戏已经被外挂支配（版主注：吐槽外挂讨论，单开合并）","淡淡得清香","最搞笑的是 挂并不用源源不断新号刷分 因为蓝洞根本不管排行榜发自虎扑iPhone客户端"
"感觉这游戏已经被外挂支配（版主注：吐槽外挂讨论，单开合并）","这羊很紧","引用2204楼 @外挂王 发表的:有没有可能是因为现在大家都会玩儿了所以才让你感觉毫无还手之力？你的名字旁人恶心，可怜你孤身一人发自虎扑iPhone客户端"
"感觉这游戏已经被外挂支配（版主注：吐槽外挂讨论，单开合并）","至尊的大宝","第二个圈就十个，人家本来也没装啊。。。发自虎扑Android客户端"
"感觉这游戏已经被外挂支配（版主注：吐槽外挂讨论，单开合并）","mel丶","引用1946楼 @Devil_chen 发表的:这个游戏第三人称，要是对方只开了一个透视，你还真不好辨认出g，不像cs你也太年轻了，10年前刚玩cs那会开过一次透视 只有自己开了透视才能轻易的知道对面是不是透视，对面一个走位我就知道他是透视了，对面也知道我是透视，dota1那会vs平台我也开过2次全图， 当我开启全图的那一刹那，我知道对面的那个小B也开的全图"
"感觉这游戏已经被外挂支配（版主注：吐槽外挂讨论，单开合并）","我揍赵之hui","蓝洞要是只顾用户数量这个游戏迟早要死。发自虎扑Android客户端"
"17战队是绝地颜值最高，身材最好的战队吧？","爱你爱你在一起","这个我承认，就是这个战队太菜了发自虎扑iPhone客户端"
"唯一k神也进211车队了","怀表停了","211，堡垒，lionkk打兄弟吃鸡，17shou得知后选择了一条最艰难的路。。发自虎扑iPhone客户端"
"如果你们喜欢的选手，活在剑侠世界之中。","一个中二的少年","传承之剑：高德伟    高德伟从睡梦中醒来，竟然重生了，呵，小说般的剧情。  前世早已是顶尖强者的他，这一世，自然不会平凡。  拥有最高剑法技巧的他，敌人，在他的眼里，皆是破绽百出。  谁又能知道，在不到二十岁的面孔之下，竟然藏着一个几百岁的灵魂。  况且，他手中的剑，还是曾经的十大神剑之一。  上一世，他骄傲放纵，一人大战江湖盛名已久的十大高手，最后陨落当场。  直到陨落的片刻，他的脑海中，才想起了她温柔的身影。  这一世，他注定不会再辜负于她，前世的债，他决定要用今生来还。  还有那些曾经陷害于他的人，他注定要血债血偿。  柏林之颠，他高德伟，又回来了。  他是传承之剑，高德伟。发自虎扑Android客户端"
"4阿妹国际赛场的精彩表现","伱微笑時好美丶","别的不说，几兄弟出国没丢过人。好好训练，德国加油！胸前的五星红旗🇨🇳，是荣耀更是责任！发自虎扑iPhone客户端"
"17战队是绝地颜值最高，身材最好的战队吧？","张曼源我女票","我FGA不服。发自虎扑iPhone客户端"
"17战队是绝地颜值最高，身材最好的战队吧？","Scutumhy","马牛逼晚上直播饿了都只能自己炒饭吃（滑稽）发自虎扑Android客户端"
"17战队是绝地颜值最高，身材最好的战队吧？","秦歌Q","大京除了定妆照，什么时候都好看发自虎扑iPhone客户端"
"17战队是绝地颜值最高，身材最好的战队吧？","麦咭sir","我XQ不服。发自虎扑Android客户端"
"17战队是绝地颜值最高，身材最好的战队吧？","Ahler","笑容:你是不是对颜值有什么误解？？？发自虎扑Android客户端"
"17战队是绝地颜值最高，身材最好的战队吧？","Polarisleo","Fga颜值碾压！新来的小豪有点像土鸡，愣愣的，不愧是土鸡的朋友，还有替补队员Fga mer 绝地一枝花！发自虎扑Android客户端"
"17战队是绝地颜值最高，身材最好的战队吧？","我是波尔津吉斯","我4阿妹颜值一队表示不服发自虎扑iPhone客户端"
"17战队是绝地颜值最高，身材最好的战队吧？","生德韦大","引用27楼 @果酱呀 发表的:那当然是我土鸡最帅了，有不服的吗？土鸡：有人说我帅？反正我个人是觉得大京是17最帅的[ 此帖被生德韦大在2018-05-31 11:45修改 ]发自虎扑Android客户端"
"17战队是绝地颜值最高，身材最好的战队吧？","是小谢SAMA","引用48楼 @亦念的光泽 发表的:布谷鸟，掏鸡窝也挺帅的好吧布谷鸟帅，很清新的感觉，而且声音贼好听，绝地第一声优不过分吧发自虎扑iPhone客户端"
"17战队是绝地颜值最高，身材最好的战队吧？","faker的电竞梦","我觉得XQ才是绝地颜值牌的黄埔军校发自手机虎扑 m.hupu.com"
"17战队是绝地颜值最高，身材最好的战队吧？","呵小饼干","我觉得没毛病发自虎扑Android客户端"
"17战队是绝地颜值最高，身材最好的战队吧？","失眠暴力熊","错了FGA才是最帅的，阿聪小文2大帅哥。发自虎扑iPhone客户端"
"问一下，有去德国柏林看PGI的童鞋吗","婻風哟","5月份有个孤少粉就在问了，当时很多人说4阿妹不一定能得冠军，然后她说粉孤少很久了，只要有一丝希望她都要去买，不然万一夺冠了，她没去她会后悔一辈子。然后阿妹夺冠了，想想真的奇迹。发自手机虎扑 m.hupu.com"
"唯一k神也进211车队了","张小共","一局里面有XQ、xiaodu    Ehome、970  我是在看PCPI吗233333"
"唯一k神也进211车队了","T10特拉风","我知道211怎么这么厉害了，都是ob学来的发自虎扑iPhone客户端"
"唯一k神也进211车队了","autumn1412","211线下猛如虎线上菜如狗发自虎扑Android客户端"
"唯一k神也进211车队了","野餐乐趣多","小毒刚才按错键从房子上掉下来了，第一个凉凉，后来好像970杀了211，之后小毒他们车队几个人都被Lionkk杀了😂😂😂发自虎扑iPhone客户端"
"唯一k神也进211车队了","POMELOVE","杀人王凶起来队友都杀"
"唯一k神也进211车队了","RiiiiiinGs","梦之队，还差一人！211+K神+堡垒 已在列！就等17shou了！！！！！！！！！！！！！！！！！！！！！"
"唯一k神也进211车队了","是冰雪啊","35杀并且诛仙...满编吃鸡，真·猛男梦之队...发自虎扑iPhone客户端"
"唯一k神也进211车队了","比斯开湾的幽灵","XQ小毒追杀211发自虎扑iPhone客户端"
"唯一k神也进211车队了","marytao","刚刚机场偶遇XQ小毒 莉莉飞天大草反杀发自虎扑iPhone客户端"
"唯一k神也进211车队了","ALLLLex","211又第一个死  继学习堡垒第一视角后 又将学习k神第一视角发自虎扑iPhone客户端"
"唯一k神也进211车队了","Xyerso","有意思了遇到xq了发自虎扑iPhone客户端"
"唯一k神也进211车队了","JR丶boom","引用64楼 @怀表停了 发表的:211，堡垒，lionkk打兄弟吃鸡，17shou得知后选择了一条最艰难的路。。又想黑我阿杜？发自虎扑Android客户端"
"唯一k神也进211车队了","拉风的昵称嘿嘿嘿嘿嘿","反向堵桥！集体退役！发自虎扑iPhone客户端"
"唯一k神也进211车队了","marytao","引用16楼 @野餐乐趣多 发表的:小毒刚才按错键从房子上掉下来了，第一个凉凉，后来好像970杀了211，之后小毒他们车队几个人都被Lionkk杀了😂😂😂小狮子把970杀了 然后970去yy骂他 哈哈哈发自虎扑iPhone客户端"
"如果你们喜欢的选手，活在剑侠世界之中。","一个中二的少年","平凡之剑：马牛逼    他以前本不是练剑的，只是一个炒菜的厨子，只是听说练剑能够养家糊口之后，便开始练剑了。  他没有师傅，也并没有人教他，于是他便地摊上买了下一本《练剑基础》之后，便开始了练剑之旅。  朝起寒暑，晚练三伏。  没有人知道他练剑吃了多少苦。  当别的剑客在门派里毫无压力练着高级剑诀的时候，他却在为了一本初级剑法和人拼命。  还好，对方并没有他命硬。  他本只是打算当一个普通的剑客，替人押押镖，赚点银子养家糊口。  但他练着练着，却已经达到了有人毕生都不可能达到的境界的时候。  他方才明白，原来，他也是练剑的天才。  发自虎扑Android客户端"
"如果你们喜欢的选手，活在剑侠世界之中。","一个中二的少年","命运之剑：孤存    当一颗彗星划过星空，一个婴儿出生了。  他是一出生，便受人瞩目的天才。  “剑心，十品。”当检验剑心的老者喊出这句话的时候，所有人都惊呆了。  他被接送到了帝国最好的剑客学院，出生平凡的家庭，也因为他的出生，成为了帝国的贵族。  他从小便是抱着十大神剑之一纯阳神剑长大，年龄不到18岁，便已经踏过了九层剑塔，成为了史上最年轻的剑神。  他心无杂念，不近女色，心中只想着，有朝一日，能够用手中的剑，破开这天的笼罩。  如果说他非要有什么缺点，那便是贪财。  帝国的宝藏，早已被他挖了遍，就连帝国守卫森严的宝库，也曾被他潇洒的三进三出。  几万年后，当年繁华的帝国，已然化作一片废墟，他屹立在废墟之上，背着一把剑，手提一壶酒，望着早已改变的沧海桑田，孤独的存在着。  几万年，他依然还是没能破开这看似簙弱的天空。发自虎扑Android客户端"
"如果你们喜欢的选手，活在剑侠世界之中。","玮德噶1197","引用5楼 @一个中二的少年 发表的:命运之剑：孤存    当一颗彗星划过星空，一个婴儿出生了。  他是一出生，便受人瞩目的天才。  “剑心，十品。”当检验剑心的老者喊出这句话的时候，所有人都惊呆了。  他被接送到了帝国最好的剑客学院，出生平凡的家庭，也因为他的出生，成为了帝国的贵族。  他从小便是抱着十大神剑之一纯阳神剑长大，年龄不到18岁，便已经踏过了九层剑塔，成为了史上最年轻的剑神。  他心无杂念，不近女色，心中只想着，有朝一日，能够用手中的剑，破开这天的笼罩。  如果说他非要有什么缺点，那便是贪财。  帝国的宝藏，早已被他挖了遍，就连帝国守卫森严的宝库，也曾被他潇洒的三进三出。  几万年后，当年繁华的帝国，已然化作一片废墟，他屹立在废墟之上，背着一把剑，手提一壶酒，望着早已改变的沧海桑田，孤独的存在着。  几万年，他依然还是没能破开这看似簙弱的天空。孤少女粉听了会伤心。孤少三连:没有，不爱，没想过。记者:你有什么要对你粉丝说的？孤少:没有。下次，记者:你爱你的女粉吗？孤少:不爱。最近，记者:能说说你的理想型是什么样的？孤少:没想过。发自虎扑iPhone客户端"
"如果你们喜欢的选手，活在剑侠世界之中。","一个中二的少年","重剑无锋：a+    艾加已经忘了是第几次做这个梦了，睁眼望着屋顶的天花板。  在梦中，他化身为少年，执剑翩翩起舞，惊起桃林片片桃花。  “你又怎么了。”睡在身旁的第十三房太太点燃油灯问道。  “我又做那个梦了。”艾加木纳道。  “睡觉吧，别多想了，你都三十多了，我们的孩子都能到处跑了，你要是还心有执念的话，我明天把我们的儿子送到剑堂里去学剑。”十三房太太轻轻拍了拍艾加的背，然后说道。  “嗯。”艾加只能无奈的点点头，明天一大早，他还得去和刘员外商量地契的事情。  “刘员外，你觉得我现在还能练剑吗？”正在商量着地契的转让，艾加突然问刘员外道。  刘员外看着艾加渴望的眼神，再看着桌上的地契，笑道：“自然是可以，练剑嘛，什么时候都不晚。”  “嗯，我也觉得。”艾加肯定的点点头。  于是艾加卖了所有的房产，拜师剑门之下。  年龄大剑门不要？没关系，能用钱打通的关系，都不叫事。  很多人都说艾加疯了，放着家里的十多门太太和好日子不过，非要去练什么剑。  但只有艾加知道，他不是疯了，他只是为了兑现一个承诺。  在桃花下。  少年对少女说道：“等我长大了，成为了剑神，能保护你了，就娶你好不好。”  “好。”发自虎扑Android客户端"
"4阿妹国际赛场的精彩表现","Lyiaung","引用17楼 @伱微笑時好美丶 发表的:别的不说，几兄弟出国没丢过人。好好训练，德国加油！胸前的五星红旗🇨🇳，是荣耀更是责任！我感觉这张图更适合粉丝和4am 总能替粉丝打喷子脸[ 此帖被Lyiaung在2018-06-06 08:51修改 ]发自虎扑iPhone客户端"
"4阿妹国际赛场的精彩表现","机智的金馆长","sli 阿鲁卡1穿3http://www.bilibili.com/video/av20450010?share_medium=android&share_source=copy_link&bbid=16FE085D-F387-41E6-89EE-CD7A68EBB959101586infoc&ts=1528220470360sli 0换4avanga（孤存帅气换狙爆头）http://www.bilibili.com/video/av20314158?share_medium=android&share_source=copy_link&bbid=16FE085D-F387-41E6-89EE-CD7A68EBB959101586infoc&ts=1528220684660sli 团灭顶压液体 http://www.bilibili.com/video/av20332345?share_medium=android&share_source=copy_link&bbid=16FE085D-F387-41E6-89EE-CD7A68EBB959101586infoc&ts=1528220757123澳洲邀请赛 韦神solo吃鸡http://www.bilibili.com/video/av22559635?share_medium=android&share_source=copy_link&bbid=16FE085D-F387-41E6-89EE-CD7A68EBB959101586infoc&ts=1528221096475澳洲邀请赛 堵桥反打团灭tmhttp://www.bilibili.com/video/av23477714?share_medium=android&share_source=copy_link&bbid=16FE085D-F387-41E6-89EE-CD7A68EBB959101586infoc&ts=1528221302014发自虎扑Android客户端"
"4阿妹国际赛场的精彩表现","你要干啥呢","这个挺不错的，加上韦神单排一把第一一把第二就更好了发自虎扑iPhone客户端"
"17战队是绝地颜值最高，身材最好的战队吧？","亦念的光泽","引用19楼 @亦念的光泽 发表的:我感觉老干爹是颜值最高的战队。还有这个紫阳，好像是cdec（老干爹二队）的发自虎扑Android客户端"
"17战队是绝地颜值最高，身材最好的战队吧？","mango绵绵冰","我FGA不服，A姓男子、骚文不给你整的明明白白的。发自虎扑iPhone客户端"
"17战队是绝地颜值最高，身材最好的战队吧？","裴秀智圈外小男友","引用3楼 @我是波尔津吉斯 发表的:我4阿妹颜值一队表示不服论颜值 孤存是不应该来pcpi的发自虎扑iPhone客户端"
"17战队是绝地颜值最高，身材最好的战队吧？","UcanUup","XQ整体感觉很不错论颜值，xiaorong那样的才算颜值吧17平均水平还行，不过都太瘦了。撑不起衣服来。"
"17战队是绝地颜值最高，身材最好的战队吧？","可爱不是长久之计我是","引用3楼 @我是波尔津吉斯 发表的:我4阿妹颜值一队表示不服17粉觉得永远好好看！！！！！4am颜值一队没跑了。肯尼也挺帅！！发自虎扑iPhone客户端"
"问一下，有去德国柏林看PGI的童鞋吗","yuyurain","去德国记得买锅。zzz发自虎扑iPhone客户端"
"问一下，有去德国柏林看PGI的童鞋吗","Remixnoob","暑假是要去一次德国的，可能会去，以后打算去亚琛进修的，德语的话正常交流没什么问题，在安联看球的时候和德国老哥沟通还是无障碍的，如果去的话肯定带上三级头黄狗海报。发自虎扑Android客户端"
"细数一下因为年龄或者其他因素没能参加这次pcpi的实力选手","pangqifa","V5_Littlelee发自虎扑iPhone客户端"
"[流言板]Super也好君更新微博：正式辞去IFTY分析师的工作","浩浩杨Yanghol","分手应该体面 谁都不要说抱歉发自虎扑iPhone客户端"
"[流言板]Super也好君更新微博：正式辞去IFTY分析师的工作","丿卡卡卡卡",""
"[流言板]Super也好君更新微博：正式辞去IFTY分析师的工作","百里长青青","重点  鸭子"
"[流言板]Super也好君更新微博：正式辞去IFTY分析师的工作","伱微笑時好美丶","谢谢也好君，ifty因为你的到来增色不少！发自虎扑iPhone客户端"
"[流言板]Super也好君更新微博：正式辞去IFTY分析师的工作","lantern_m","还是有点难受的聚散终有时希望iFTY能招到合适的教练和分析师吧发自虎扑Android客户端"
"[流言板]Super也好君更新微博：正式辞去IFTY分析师的工作","晴天有雨brian","谢谢 也好君 这一个月的付出."
"[流言板]Super也好君更新微博：正式辞去IFTY分析师的工作","猫猫喵喵呜","呜呜呜呜呜"
"[流言板]QSL全民明星锦标赛将于6月9日恢复比赛，4AM、iFTY和17等战队参赛","挠头侠","回头再看，B组才是真正的死亡之组啊，俩冠军队。发自虎扑Android客户端"
"[流言板]QSL全民明星锦标赛将于6月9日恢复比赛，4AM、iFTY和17等战队参赛","Altoria2","引用1楼 @挠头侠 发表的:回头再看，B组才是真正的死亡之组啊，俩冠军队。还有6个队进了决赛发自虎扑Android客户端"
"[流言板]QSL全民明星锦标赛将于6月9日恢复比赛，4AM、iFTY和17等战队参赛","辰Chen1998","hoho平台赛又来了，安排，4猪崽必须被安排。发自虎扑Android客户端"
"[流言板]QSL全民明星锦标赛将于6月9日恢复比赛，4AM、iFTY和17等战队参赛","激励爸爸","引用3楼 @Altoria2 发表的:还有6个队进了决赛好像是7个，你少数了一个发自虎扑Android客户端"
"山海经之17","listeningZ","咸阳有盒，其状甚小，宿于城，故名城小盒；又因常栖于城楼之上，有“嗝”之叫声，又名楼嗝。眼口有剧毒，直视或为之所呼名即死。乃世人争抢之大杀器。发自虎扑Android客户端"
"初入虎扑 场伤过500 吃鸡率超50%的大佬能进来指点下嘛","八卦仙","不好意思，虎扑60%为云吃鸡玩家，20%为口嗨玩家，20%是水军，还是您指点我们吧"
"发现Msjoy的直播太搞笑的了！","ArtMu阿慕","Joy想听采访外国队员，弹幕催着快进…“你们怎么就这么急这么没有耐心呢，我们跟别人打不是要了解下别人的情况吗，你们跟女孩子约会难道脱了裤子就干，不用逛逛街看看电影什么的吗”“老是看那些av，快进快进没几分钟完事有什么意思”发自虎扑iPhone客户端"
"山海经之17","哈哈哈来来来来来来","你是要考研吗发自虎扑Android客户端"
"初入虎扑 场伤过500 吃鸡率超50%的大佬能进来指点下嘛","全虎扑第一","打广告现在都这么隐晦了吗……发自虎扑iPhone客户端"
"初入虎扑 场伤过500 吃鸡率超50%的大佬能进来指点下嘛","叫我救世主","你都这样了，我们还能说啥？发自虎扑iPhone客户端"
"发现Msjoy的直播太搞笑的了！","姜戈就是DJANG","joy老师还是很真实的，说话又好听，还能爆点粉丝接触不到的消息发自虎扑Android客户端"
"4am能拿冠军，哪个转折点发挥作用最大","默默无语莫","孤少怒喷阿鲁卡~发自虎扑Android客户端"
"这东西有点玄学  键盘越斜越准","起名字好难哦","把键盘放在屏幕后面，屏幕紧贴脸，更准～(￣▽￣～)~发自虎扑Android客户端"
"4am能拿冠军，哪个转折点发挥作用最大","4am小粉丝","我选1，没有周莉莉的1串4，就没有后来4am的放飞自我，浴血重生的4am发自虎扑iPhone客户端"
"4am能拿冠军，哪个转折点发挥作用最大","猪头的弹幕教练","这尼玛，下午刷个虎扑都是些什么牛鬼蛇神啊。隔壁楼一个以前粉4am现在粉17的还开贴来叫。这个楼里还有要人家感谢17 ifty帮他们吃鸡。真的是酸啊。发自虎扑Android客户端"
"4am能拿冠军，哪个转折点发挥作用最大","清河利拉德","引用18楼 @军刀1988 发表的:萎靡了3天的ifty，在最后一场突然爆发，从圈北清到了决赛圈，会师4AM，最终4AM吃鸡去德国，也算是间接抬了一手4AM。回想起当初韩国预选赛，韦神Y城右侧伏地阴掉最后两个阿玛尼的队员，致使IFTY领先阿玛尼20分出线，最终韩国夺冠。。也算是间接抬了一手IFTY。。A+也曾在直播间感谢韦神。。有来有回，这才是A~V之间的缘分。。对啊，感谢了，4am只杀了15个人，还剩61个人都是别的队打死的，没你们我们夺不了冠军，呜呜呜发自虎扑Android客户端"
"4am能拿冠军，哪个转折点发挥作用最大","骄傲的丨OKC","引用5楼 @默默无语莫 发表的:孤少怒喷阿鲁卡~圈瞎几把乱切，你让我指挥，我怎么指挥啊发自虎扑Android客户端"
"4am能拿冠军，哪个转折点发挥作用最大","ZzzVdoGMA3","引用5楼 @默默无语莫 发表的:孤少怒喷阿鲁卡~阿鲁：孤少一直要我转移，我怎么转移啊孤少：有机会转移为什么不转移，这个人思想出了问题"
"4am能拿冠军，哪个转折点发挥作用最大","keno777","全靠论坛黑粉喷子，这几只猪喜欢自虐，看采访：他们就爱看喷他们的帖子，越是喷贴他们动力越足。发自虎扑iPhone客户端"
"4am能拿冠军，哪个转折点发挥作用最大","遍地的青苔","那天晚上的复盘 + TPP第一场前推心置腹的聊"
"4am能拿冠军，哪个转折点发挥作用最大","ev517","引用1楼 @4am小粉丝 发表的:我选1，没有周莉莉的1串4，就没有后来4am的放飞自我，浴血重生的4am得了吧难不成以后还要多被穿几次？猪头直接说心态爆炸的发自虎扑Android客户端"
"4am能拿冠军，哪个转折点发挥作用最大","公牛的三号","虽然内心选3 但是鼠标一直指向4"
"这东西有点玄学  键盘越斜越准","kevindo1119","引用3楼 @盒子精AAA 发表的:这场景仿佛在哪看过，好像真有职业选手这么玩的csgo xantares了解一下发自虎扑iPhone客户端"
"微博上4am粉丝大佬画的决赛圈最后一幕，看的想哭，醒目也点名了","Keith0033","做7911的粉丝要求这么高了么？😢😢😢发自虎扑Android客户端"
"微博上4am粉丝大佬画的决赛圈最后一幕，看的想哭，醒目也点名了","重唱ensemble","┭┮﹏┭┮这个小姐姐每次都画的很棒！！"
"微博上4am粉丝大佬画的决赛圈最后一幕，看的想哭，醒目也点名了","空岩啸","没点东西都不好意思做4AM粉了～人均油菜花反正我自闭了发自虎扑iPhone客户端"
"微博上4am粉丝大佬画的决赛圈最后一幕，看的想哭，醒目也点名了","upup泰迪","这粉丝画的太好了，真的感动发自虎扑iPhone客户端"
"微博上4am粉丝大佬画的决赛圈最后一幕，看的想哭，醒目也点名了","居然有个猪头","日常不配当粉丝..."
"微博上4am粉丝大佬画的决赛圈最后一幕，看的想哭，醒目也点名了","c拐角遇到你c","7911 藏龙卧虎... 有时我在想,这些崽种怎么会那么有才.. 我读的是假大学吗?平时只会骗猪头...""没捡三级头,没捡三级包,你眼瞎..""每天与猪头互怼...  求你去换个烧火棍KTV猪头...  整天的当弹幕教练.....(我也是弹幕教练组的...在7911没被封过的弹幕教练,都没脸出去说自己是7911的.)但是真的一到虎扑,才发现,7911这些崽种的本事,不止在每天与猪头斗,内部各dang互撕.... 是真的有才啊...[ 此帖被c拐角遇到你c在2018-06-06 11:15修改 ]"
"0605【报告老板】KZ SSS 来访客啦","天外之星","run哥说：有没得女大学生发自虎扑Android客户端"
"0605【报告老板】KZ SSS 来访客啦","怀表停了","其实大家不用那么敏感，发帖无所谓的。有句话说的好，不怕你高调，就怕你高调不做事。。如果经理能把自己吹得比都落实，天天吹逼，给他吹呗。。也不是所有人都是那种不说只做的人。。反面来讲，如果他没做成岂不是更是个笑话？现在来讲，无非就是喜欢找存在的经理罢了，语气不好就给他纠正纠正，没必要不让人说话"
"0605【报告老板】KZ SSS 来访客啦","综皇王翔","引用7楼 @天外之星 发表的:run哥说：有没得女大学生他说，我就想要个内存条一个内存条内存条我就觉得我想多了发自虎扑iPhone客户端"
"0605【报告老板】KZ SSS 来访客啦","怀表停了","冒昧问一下，有没有人挖211啊233333"
"0605【报告老板】KZ SSS 来访客啦","黑色卤蛋211","经理欢迎多来虎扑发帖啊，我们sss粉丝愿意看。很多楼里抵制的人根本就不是sss粉丝那几个挑三拣四的杠精主队我就不提了，好几个id 都是经常抹黑嘲讽莉莉的，至于目的无非是不希望看到sss变好，希望经理明鉴，别上了这几个人的当"
"0605【报告老板】KZ SSS 来访客啦","人云亦云a","事情都往好的方向发展了 加油211加油3S"
"0605【报告老板】KZ SSS 来访客啦","xierodick","run哥是不是见面就认了个亲兄弟"
"0605【报告老板】KZ SSS 来访客啦","真的好热啊","女大学生安排一下发自虎扑iPhone客户端"
"0605【报告老板】KZ SSS 来访客啦","跳伞队队长","战队在进步，经理也挺坦诚，别理哪些搞事的，如果虎扑是它们一家的，让虎扑发个声明，不玩这里该可以吧发自虎扑Android客户端"
"0605【报告老板】KZ SSS 来访客啦","水木之云","下次不要说报告老板了，听的别扭，我相信虎扑的jr们也不会说什么的发自虎扑Android客户端"
"0605【报告老板】KZ SSS 来访客啦","综皇王翔","引用19楼 @q363757255 发表的:我们理解你们俱乐部管理层想树立个好形象，但不用来虎扑宣传这么仔细，搞好管理，让3s打好比赛就行最近放假，让他们好好休息一下"
"0605【报告老板】KZ SSS 来访客啦","综皇王翔","引用88楼 @请叫我翔翔翔哥 发表的:经理斗鸡是不是去kz了呀没有啊，队员放假，我上班新队员我肯定要先看团队意见的发自虎扑iPhone客户端"
"0605【报告老板】KZ SSS 来访客啦","ahhh1","liquid coo 这个有牌面。发自虎扑Android客户端"
"0605【报告老板】KZ SSS 来访客啦","kobewadeai","老板啊，楼上的电脑我刚搬下来了。发自虎扑iPhone客户端"
"0605【报告老板】KZ SSS 来访客啦","请叫我翔翔翔哥","经理斗鸡是不是去kz了呀发自虎扑Android客户端"
"0605【报告老板】KZ SSS 来访客啦","POMELOVE","老板，我的女大xou生什么时候给我安排得一下"
"个人愚见，浅谈分析一下4am，重点聊一聊孤存","脖子是我","不知道楼主看过孤存打ow吗，就是不停的开火，走位。确实很准，实力碾压对方。而lol更注重运营，以小优势逐步扩大领先。有大局观发自虎扑Android客户端"
"个人愚见，浅谈分析一下4am，重点聊一聊孤存","沐沐QwQ","首先有一点你就错了，OW很吃队友配合的"
"个人愚见，浅谈分析一下4am，重点聊一聊孤存","VirgilFun","他们的成功还离不开龙妈一把屎一把尿，还有蜜蜂的玄学直播。"
"吃鸡赛事排名整理表格6.6版本（11:13修正）","Mool1y沫离","能做至少比只会口头上说的人强。赞发自虎扑iPhone客户端"
"吃鸡赛事排名整理表格6.6版本（11:13修正）","大虾bigxia","引用5楼 @最美的地方遇见你 发表的:有人可以造福一下手机dang么排名前五十的队伍1	OMG2	173	Lstars4	VG5	4AM6	XQ7	KZ_SSS8	iFTY9	MK10	LGD11	V512	124613	VTA14	FTD15	RNG16	OST17	LYG18	MQ19	eStarFire20	SnakeTC21	iDs22	Tyloo23	AG24	KG25	JDG26	QG27	FIRE28	EDG29	NW30	WE31	AST32	LGE33	DLG34	QM35	HG36	NG37	JTeam38	WEIBO39	MDY40	BA41	SC42	Elephant43	KSG44	COG45	WAY46	CDEC47	QST48	iG49	GOL50	EOP"
"shourd是真的强","圣光回忆123","先把名字拼对再粉？发自虎扑iPhone客户端"
"shourd是真的强","Kyrie艾榮","我之前看他刚开始玩PUBG的视频 第一次拿起手枪看到敌人第一反应就是打头"
"shourd是真的强","秀乎独臣","211不以近战成名发自虎扑Android客户端"
"shourd是真的强","tblyzy","现在关于欧美选手和主播的帖子太多人明明不了解就人云亦云了。把shroud吹成完爆国内职业选手和贬成实力打不了职业的基本都属于不懂就跟风的。甚至还有连他打没打过吃鸡职业都没闹清楚就出来喷的。我只能说就我个人看twich直播和刷twitter的经验，欧美吃鸡这个圈子里的人，无论是主播还是打职业的，凡是评价过shroud的，都认可他的反应和枪法是顶级，但绝对也没有到从只要出来打职业就虐遍全场的世外大神的水平。我个人的感觉是，以他的实力在欧美几个主要强队占一个主力位置应该不成问题，但是真到比赛里以能发挥到什么程度很难说。他直播流量这么好，打职业要占用时间训练还要到处跑打比赛，肯定对他收入和生活状态有影响，选择不打职业也很正常。"
"为什么感觉每次更新后挂还更多了。。","克利夫兰23全能詹","我们打一下午会有一两把挂吧。你这遇上挂的频率也太高了吧。你要是服务器前列玩家我无话可说。发自虎扑Android客户端"
"[流言板]ESL官推：Liquid战队递补进入PGI欧洲赛区资格赛决赛（附前因后果）","家葛愛情","19进2我看好liquid"
"[流言板]ESL官推：Liquid战队递补进入PGI欧洲赛区资格赛决赛（附前因后果）","IssaczzZ","液体队内心的OS:终于我们李逵可以加入到研究OMG的行列里来了，谢谢组织给的机会和欧洲开哥发自虎扑iPhone客户端"
"[流言板]ESL官推：Liquid战队递补进入PGI欧洲赛区资格赛决赛（附前因后果）","第三章卅","引用11楼 @她迷人 发表的:谁能科普一下这个VAL战队怎么了被取消资格了……好像是一个队员两个账号作弊，被举报了。[ 此帖被第三章卅在2018-06-05 23:36修改 ]发自虎扑Android客户端"
"[流言板]ESL官推：Liquid战队递补进入PGI欧洲赛区资格赛决赛（附前因后果）","青苹之茉","小组赛80进20线上，前五里面有个队用了科技 可惜不如国内 被检测出来了 李逵好运正好第六 递补了一步 还是恭喜李逵 毕竟国外各大强队都认可的t1战队 单论个人实力 比faze只强不差的 不过欧洲OMG团队配合是真的太牛了"
"[流言板]ESL官推：Liquid战队递补进入PGI欧洲赛区资格赛决赛（附前因后果）","MMUSIC","说一句这就是线上赛会不会被喷。"
"[流言板]ESL官推：Liquid战队递补进入PGI欧洲赛区资格赛决赛（附前因后果）","二子我奶娘","引用1楼 @家葛愛情 发表的:19进2我看好liquid又暗示欧洲omg发自虎扑Android客户端"
"[流言板]ESL官推：Liquid战队递补进入PGI欧洲赛区资格赛决赛（附前因后果）","CostaAzul","Rouge和Liquid老天都在帮你们了要加油啊(ง •̀_•́)ง发自虎扑Android客户端"
"[流言板]ESL官推：Liquid战队递补进入PGI欧洲赛区资格赛决赛（附前因后果）","bigpenis","引用1楼 @家葛愛情 发表的:19进2我看好liquid舒服了，前几天一直在纠结PGI的赛制为什么这么挫，给亚洲这么多名额也不说留2张外卡，没有liquid参加的PGI还是很可惜的，结果今天这新闻，让人舒服。"
"[流言板]ESL官推：Liquid战队递补进入PGI欧洲赛区资格赛决赛（附前因后果）","雨中逢","liquid都是钢枪猛男，sli赛上杀的人是真滴多，20场比赛杀了146个人，希望欧洲预选赛他们能出线，到时候柏林决赛应该会更精彩。发自虎扑Android客户端"
"官博再次暗示，国服还没凉？","挠头侠","国服六月能出我给韦酱舔jio发自虎扑Android客户端"
"官博再次暗示，国服还没凉？","云巅啊","无限法则东南亚市场绝地求生国内日本韩国市场堡垒之夜欧美市场TX爸爸眼光真的高"
"孤少同款？大家鉴定下！","Dw_24","好像有点像，但又不一定，很难说。发自虎扑iPhone客户端"
"孤少同款？大家鉴定下！","十六有小虎牙","你的不是三年限定发自虎扑Android客户端"
"孤少同款？大家鉴定下！","liekkasaaa","引用2楼 @Dw_24 发表的:好像有点像，但又不一定，很难说。可以说，但没必要。发自虎扑Android客户端"
